"tax_year","income_tax_nics","contribution_type","nics_relief_class","sector_scheme","scheme_type","tax_rate","value_of_relief"
"2024 to 2025","Income Tax","Individual contributions to net pay arrangements","Not applicable","Total","Total","Total","7000"
"2024 to 2025","Income Tax","Individual contributions to relief at source schemes","Not applicable","Total","Total","Total","5900"
"2024 to 2025","Income Tax","Salary sacrificed contributions","Not applicable","Total","Total","Total","8800"
"2024 to 2025","Income Tax","Employer contributions to net pay arrangements plus deficit reduction contributions","Not applicable","Total","Total","Total","24800"
"2024 to 2025","Income Tax","Employer contributions to relief at source schemes","Not applicable","Total","Total","Total","9200"
"2024 to 2025","Income Tax","Individual contributions to net pay arrangements","Not applicable","Public sector occupational scheme","Total","Total","4500"
"2024 to 2025","Income Tax","Individual contributions to relief at source schemes","Not applicable","Public sector occupational scheme","Total","Total","200"
"2024 to 2025","Income Tax","Salary sacrificed contributions","Not applicable","Public sector occupational scheme","Total","Total","600"
"2024 to 2025","Income Tax","Employer contributions to net pay arrangements plus deficit reduction contributions","Not applicable","Public sector occupational scheme","Total","Total","14000"
"2024 to 2025","Income Tax","Employer contributions to relief at source schemes","Not applicable","Public sector occupational scheme","Total","Total","400"
"2024 to 2025","Income Tax","Individual contributions to net pay arrangements","Not applicable","Personal or private sector occupational scheme","Total","Total","2500"
"2024 to 2025","Income Tax","Individual contributions to relief at source schemes","Not applicable","Personal or private sector occupational scheme","Total","Total","5700"
"2024 to 2025","Income Tax","Salary sacrificed contributions","Not applicable","Personal or private sector occupational scheme","Total","Total","8300"
"2024 to 2025","Income Tax","Employer contributions to net pay arrangements plus deficit reduction contributions","Not applicable","Personal or private sector occupational scheme","Total","Total","10800"
"2024 to 2025","Income Tax","Employer contributions to relief at source schemes","Not applicable","Personal or private sector occupational scheme","Total","Total","8800"
"2024 to 2025","Income Tax","Individual contributions to net pay arrangements","Not applicable","Total","Defined benefit","Total","5200"
"2024 to 2025","Income Tax","Individual contributions to relief at source schemes","Not applicable","Total","Defined benefit","Total","0"
"2024 to 2025","Income Tax","Salary sacrificed contributions","Not applicable","Total","Defined benefit","Total","1500"
"2024 to 2025","Income Tax","Employer contributions to net pay arrangements plus deficit reduction contributions","Not applicable","Total","Defined benefit","Total","16600"
"2024 to 2025","Income Tax","Employer contributions to relief at source schemes","Not applicable","Total","Defined benefit","Total","0"
"2024 to 2025","Income Tax","Individual contributions to net pay arrangements","Not applicable","Total","Defined contribution","Total","1800"
"2024 to 2025","Income Tax","Individual contributions to relief at source schemes","Not applicable","Total","Defined contribution","Total","5900"
"2024 to 2025","Income Tax","Salary sacrificed contributions","Not applicable","Total","Defined contribution","Total","7400"
"2024 to 2025","Income Tax","Employer contributions to net pay arrangements plus deficit reduction contributions","Not applicable","Total","Defined contribution","Total","8200"
"2024 to 2025","Income Tax","Employer contributions to relief at source schemes","Not applicable","Total","Defined contribution","Total","9200"
"2024 to 2025","Income Tax","Individual contributions to net pay arrangements","Not applicable","Total","Total","Basic Rate","2400"
"2024 to 2025","Income Tax","Individual contributions to relief at source schemes","Not applicable","Total","Total","Basic Rate","3200"
"2024 to 2025","Income Tax","Salary sacrificed contributions","Not applicable","Total","Total","Basic Rate","1600"
"2024 to 2025","Income Tax","Employer contributions to net pay arrangements plus deficit reduction contributions","Not applicable","Total","Total","Basic Rate","6700"
"2024 to 2025","Income Tax","Employer contributions to relief at source schemes","Not applicable","Total","Total","Basic Rate","2200"
"2024 to 2025","Income Tax","Individual contributions to net pay arrangements","Not applicable","Total","Total","Higher Rate","3800"
"2024 to 2025","Income Tax","Individual contributions to relief at source schemes","Not applicable","Total","Total","Higher Rate","1600"
"2024 to 2025","Income Tax","Salary sacrificed contributions","Not applicable","Total","Total","Higher Rate","5500"
"2024 to 2025","Income Tax","Employer contributions to net pay arrangements plus deficit reduction contributions","Not applicable","Total","Total","Higher Rate","15600"
"2024 to 2025","Income Tax","Employer contributions to relief at source schemes","Not applicable","Total","Total","Higher Rate","5200"
"2024 to 2025","Income Tax","Individual contributions to net pay arrangements","Not applicable","Total","Total","Additional Rate","900"
"2024 to 2025","Income Tax","Individual contributions to relief at source schemes","Not applicable","Total","Total","Additional Rate","1100"
"2024 to 2025","Income Tax","Salary sacrificed contributions","Not applicable","Total","Total","Additional Rate","1800"
"2024 to 2025","Income Tax","Employer contributions to net pay arrangements plus deficit reduction contributions","Not applicable","Total","Total","Additional Rate","2500"
"2024 to 2025","Income Tax","Employer contributions to relief at source schemes","Not applicable","Total","Total","Additional Rate","1700"
"2024 to 2025","NICs","Employer contributions to net pay arrangements and on employer deficit reduction contributions","Class 1 Primary (employee)","Total","Total","Total","3600"
"2024 to 2025","NICs","Employer contributions to relief at source schemes","Class 1 Primary (employee)","Total","Total","Total","1200"
"2024 to 2025","NICs","Salary sacrificed contributions","Class 1 Primary (employee)","Total","Total","Total","1000"
"2024 to 2025","NICs","Employer contributions to net pay arrangements and on employer deficit reduction contributions","Class 1 Secondary (employer)","Total","Total","Total","10600"
"2024 to 2025","NICs","Employer contributions to relief at source schemes","Class 1 Secondary (employer)","Total","Total","Total","3800"
"2024 to 2025","NICs","Salary sacrificed contributions","Class 1 Secondary (employer)","Total","Total","Total","3400"
"2024 to 2025","NICs","Employer contributions to net pay arrangements and on employer deficit reduction contributions","Class 1 Primary (employee)","Public sector occupational scheme","Total","Total","2300"
"2024 to 2025","NICs","Employer contributions to relief at source schemes","Class 1 Primary (employee)","Public sector occupational scheme","Total","Total","900"
"2024 to 2025","NICs","Salary sacrificed contributions","Class 1 Primary (employee)","Public sector occupational scheme","Total","Total","100"
"2024 to 2025","NICs","Employer contributions to net pay arrangements and on employer deficit reduction contributions","Class 1 Secondary (employer)","Public sector occupational scheme","Total","Total","6300"
"2024 to 2025","NICs","Employer contributions to relief at source schemes","Class 1 Secondary (employer)","Public sector occupational scheme","Total","Total","200"
"2024 to 2025","NICs","Salary sacrificed contributions","Class 1 Secondary (employer)","Public sector occupational scheme","Total","Total","200"
"2024 to 2025","NICs","Employer contributions to net pay arrangements and on employer deficit reduction contributions","Class 1 Primary (employee)","Personal or private sector occupational scheme","Total","Total","1300"
"2024 to 2025","NICs","Employer contributions to relief at source schemes","Class 1 Primary (employee)","Personal or private sector occupational scheme","Total","Total","300"
"2024 to 2025","NICs","Salary sacrificed contributions","Class 1 Primary (employee)","Personal or private sector occupational scheme","Total","Total","900"
"2024 to 2025","NICs","Employer contributions to net pay arrangements and on employer deficit reduction contributions","Class 1 Secondary (employer)","Personal or private sector occupational scheme","Total","Total","4300"
"2024 to 2025","NICs","Employer contributions to relief at source schemes","Class 1 Secondary (employer)","Personal or private sector occupational scheme","Total","Total","3600"
"2024 to 2025","NICs","Salary sacrificed contributions","Class 1 Secondary (employer)","Personal or private sector occupational scheme","Total","Total","3100"
"2024 to 2025","NICs","Employer contributions to net pay arrangements and on employer deficit reduction contributions","Class 1 Primary (employee)","Total","Defined benefit","Total","2500"
"2024 to 2025","NICs","Employer contributions to relief at source schemes","Class 1 Primary (employee)","Total","Defined benefit","Total","0"
"2024 to 2025","NICs","Salary sacrificed contributions","Class 1 Primary (employee)","Total","Defined benefit","Total","200"
"2024 to 2025","NICs","Employer contributions to net pay arrangements and on employer deficit reduction contributions","Class 1 Secondary (employer)","Total","Defined benefit","Total","7200"
"2024 to 2025","NICs","Employer contributions to relief at source schemes","Class 1 Secondary (employer)","Total","Defined benefit","Total","0"
"2024 to 2025","NICs","Salary sacrificed contributions","Class 1 Secondary (employer)","Total","Defined benefit","Total","600"
"2024 to 2025","NICs","Employer contributions to net pay arrangements and on employer deficit reduction contributions","Class 1 Primary (employee)","Total","Defined contribution","Total","1100"
"2024 to 2025","NICs","Employer contributions to relief at source schemes","Class 1 Primary (employee)","Total","Defined contribution","Total","1200"
"2024 to 2025","NICs","Salary sacrificed contributions","Class 1 Primary (employee)","Total","Defined contribution","Total","800"
"2024 to 2025","NICs","Employer contributions to net pay arrangements and on employer deficit reduction contributions","Class 1 Secondary (employer)","Total","Defined contribution","Total","3300"
"2024 to 2025","NICs","Employer contributions to relief at source schemes","Class 1 Secondary (employer)","Total","Defined contribution","Total","3800"
"2024 to 2025","NICs","Salary sacrificed contributions","Class 1 Secondary (employer)","Total","Defined contribution","Total","2800"
"2024 to 2025","NICs","Employer contributions to net pay arrangements and on employer deficit reduction contributions","Class 1 Primary (employee)","Total","Total","Main Rate","2800"
"2024 to 2025","NICs","Employer contributions to relief at source schemes","Class 1 Primary (employee)","Total","Total","Main Rate","900"
"2024 to 2025","NICs","Salary sacrificed contributions","Class 1 Primary (employee)","Total","Total","Main Rate","600"
"2024 to 2025","NICs","Employer contributions to net pay arrangements and on employer deficit reduction contributions","Class 1 Secondary (employer)","Total","Total","Main Rate","10600"
"2024 to 2025","NICs","Employer contributions to relief at source schemes","Class 1 Secondary (employer)","Total","Total","Main Rate","3800"
"2024 to 2025","NICs","Salary sacrificed contributions","Class 1 Secondary (employer)","Total","Total","Main Rate","3400"
"2024 to 2025","NICs","Employer contributions to net pay arrangements and on employer deficit reduction contributions","Class 1 Primary (employee)","Total","Total","Additional Rate","800"
"2024 to 2025","NICs","Employer contributions to relief at source schemes","Class 1 Primary (employee)","Total","Total","Additional Rate","300"
"2024 to 2025","NICs","Salary sacrificed contributions","Class 1 Primary (employee)","Total","Total","Additional Rate","300"
"2024 to 2025","NICs","Employer contributions to net pay arrangements and on employer deficit reduction contributions","Class 1 Secondary (employer)","Total","Total","Additional Rate","[z]"
"2024 to 2025","NICs","Employer contributions to relief at source schemes","Class 1 Secondary (employer)","Total","Total","Additional Rate","[z]"
"2024 to 2025","NICs","Salary sacrificed contributions","Class 1 Secondary (employer)","Total","Total","Additional Rate","[z]"
